split,variedad,NEG,NEU,POS,NEG_pct,NEU_pct,POS_pct,n
dev,CR,143,127,120,36.666666666666664,32.56410256410256,30.76923076923077,390
dev,ES,266,147,168,45.78313253012048,25.301204819277107,28.915662650602407,581
dev,MX,252,99,159,49.411764705882355,19.411764705882355,31.176470588235293,510
dev,PE,107,286,105,21.485943775100402,57.42971887550201,21.084337349397593,498
dev,UY,192,141,153,39.50617283950617,29.01234567901235,31.48148148148148,486
train,CR,310,246,221,39.897039897039896,31.66023166023166,28.442728442728445,777
train,ES,475,297,354,42.184724689165186,26.376554174067497,31.438721136767317,1126
train,MX,505,172,313,51.010101010101,17.373737373737374,31.616161616161616,990
train,PE,228,522,216,23.60248447204969,54.037267080745345,22.36024844720497,966
train,UY,367,286,290,38.91834570519618,30.3287380699894,30.75291622481442,943
