etiqueta,rank,termino,frecuencia
NEG,1,soy,128
NEG,2,triste,124
NEG,3,quiero,122
NEG,4,hoy,116
NEG,5,qué,107
NEG,6,vida,97
NEG,7,mal,95
NEG,8,día,85
NEG,9,mejor,84
NEG,10,puedo,81
NEG,11,gente,76
NEG,12,extraño,75
NEU,1,bueno,98
NEU,2,quiero,93
NEU,3,soy,88
NEU,4,año,87
NEU,5,hoy,85
NEU,6,día,79
NEU,7,mejor,72
NEU,8,igual,67
NEU,9,qué,66
NEU,10,mañana,65
NEU,11,hola,61
NEU,12,gracias,61
POS,1,gracias,200
POS,2,feliz,179
POS,3,mejor,150
POS,4,hoy,129
POS,5,día,127
POS,6,bueno,127
POS,7,buena,99
POS,8,año,91
POS,9,buen,88
POS,10,quiero,87
POS,11,días,79
POS,12,siempre,73
