variedad,rank,termino,frecuencia,log_odds
CR,1,dicha,9,4.13
CR,2,mae,27,4.09
CR,3,costa,12,2.46
CR,4,rica,13,1.77
CR,5,fijo,14,1.72
CR,6,mami,8,1.62
CR,7,bus,9,1.42
CR,8,ahorita,9,0.99
CR,9,videos,8,0.97
CR,10,hice,11,0.82
ES,1,septiembre,8,3.75
ES,2,tio,22,3.11
ES,3,valencia,12,3.03
ES,4,podido,8,2.65
ES,5,madrid,17,2.52
ES,6,españa,11,2.1
ES,7,verano,18,1.96
ES,8,echo,9,1.91
ES,9,calor,11,1.85
ES,10,precioso,8,1.8
MX,1,neta,23,4.78
MX,2,chido,12,4.15
MX,3,rosca,10,3.98
MX,4,pax,8,3.76
MX,5,pinche,21,3.08
MX,6,verga,11,2.97
MX,7,tacos,9,2.78
MX,8,pedo,15,1.97
MX,9,mensajes,9,1.93
MX,10,reyes,14,1.9
PE,1,chamba,10,4.01
PE,2,perú,15,3.3
PE,3,lima,16,2.52
PE,4,felices,21,1.51
PE,5,éxitos,8,1.4
PE,6,junto,9,1.34
PE,7,debo,9,1.2
PE,8,felicidad,12,1.14
PE,9,quisiera,9,1.08
PE,10,momentos,11,0.96
UY,1,uruguay,22,4.84
UY,2,tremenda,9,3.97
UY,3,envianos,8,3.86
UY,4,argentina,10,2.98
UY,5,sos,21,2.59
UY,6,descanses,9,2.37
UY,7,lastima,9,2.37
UY,8,tqm,8,2.25
UY,9,mail,13,2.13
UY,10,vos,45,2.04
